{"cameraMode":{"drawMode":0,"name":"Shaded","section":"Shading Mode"},"sceneLighting":true,"audioPlay":false,"sceneViewState":{"showFog":true,"showMaterialUpdate":false,"showSkybox":true,"showFlares":true,"showImageEffects":true,"showParticleSystems":true},"in2DMode":false,"pivot":{"x":14.868850708007813,"y":13.406497955322266,"z":68.47660064697266},"rotation":{"x":-0.16768991947174073,"y":0.5146123170852661,"z":-0.10341164469718933,"w":-0.8344821333885193},"size":95.242431640625,"orthographic":false}