{"cameraMode":{"drawMode":0,"name":"Shaded","section":"Shading Mode"},"sceneLighting":false,"audioPlay":false,"sceneViewState":{"showFog":true,"showMaterialUpdate":false,"showSkybox":false,"showFlares":true,"showImageEffects":true,"showParticleSystems":true},"in2DMode":false,"pivot":{"x":1.0639429092407227,"y":1.2000102996826172,"z":2.5370798110961916},"rotation":{"x":-0.16945655643939973,"y":0.8165665864944458,"z":-0.2978939712047577,"w":-0.46450263261795046},"size":81.16390228271485,"orthographic":false}