{"cameraMode":{"drawMode":0,"name":"Shaded","section":"Shading Mode"},"sceneLighting":false,"audioPlay":false,"sceneViewState":{"showFog":true,"showMaterialUpdate":false,"showSkybox":false,"showFlares":true,"showImageEffects":true,"showParticleSystems":true},"in2DMode":false,"pivot":{"x":1.1077353954315186,"y":0.9746877551078796,"z":0.9377398490905762},"rotation":{"x":-0.005634828936308622,"y":0.13904111087322236,"z":0.0007911825086921454,"w":0.9902703166007996},"size":2.729893445968628,"orthographic":false}