{"cameraMode":{"drawMode":0,"name":"Shaded","section":"Shading Mode"},"sceneLighting":false,"audioPlay":false,"sceneViewState":{"showFog":true,"showMaterialUpdate":false,"showSkybox":false,"showFlares":true,"showImageEffects":true,"showParticleSystems":true},"in2DMode":false,"pivot":{"x":0.0,"y":5.514463424682617,"z":3.289137840270996},"rotation":{"x":0.03338175639510155,"y":-0.6852933168411255,"z":0.03147685155272484,"w":0.7268204689025879},"size":18.264528274536134,"orthographic":false}