{"cameraMode":{"drawMode":0,"name":"Shaded","section":"Shading Mode"},"sceneLighting":false,"audioPlay":false,"sceneViewState":{"showFog":true,"showMaterialUpdate":false,"showSkybox":false,"showFlares":true,"showImageEffects":true,"showParticleSystems":true},"in2DMode":false,"pivot":{"x":-10.212549209594727,"y":-12.765836715698243,"z":151.20252990722657},"rotation":{"x":0.22837640345096589,"y":-0.21547818183898927,"z":0.051911063492298129,"w":0.9480077028274536},"size":36.36155319213867,"orthographic":false}