{"cameraMode":{"drawMode":0,"name":"Shaded","section":"Shading Mode"},"sceneLighting":false,"audioPlay":false,"sceneViewState":{"showFog":true,"showMaterialUpdate":false,"showSkybox":false,"showFlares":true,"showImageEffects":true,"showParticleSystems":true},"in2DMode":false,"pivot":{"x":-0.09899954497814179,"y":1.1651684045791627,"z":1.9134224653244019},"rotation":{"x":-0.01980171911418438,"y":-0.8035008311271668,"z":0.02677694894373417,"w":-0.5943714380264282},"size":2.4938974380493166,"orthographic":false}