{"cameraMode":{"drawMode":0,"name":"Shaded","section":"Shading Mode"},"sceneLighting":false,"audioPlay":false,"sceneViewState":{"showFog":true,"showMaterialUpdate":false,"showSkybox":false,"showFlares":true,"showImageEffects":true,"showParticleSystems":true},"in2DMode":false,"pivot":{"x":-0.03945720195770264,"y":0.9073793888092041,"z":0.37900373339653017},"rotation":{"x":-0.21769431233406068,"y":0.1072087436914444,"z":-0.024060353636741639,"w":-0.9698126912117004},"size":3.318347692489624,"orthographic":false}