{"cameraMode":{"drawMode":0,"name":"Shaded","section":"Shading Mode"},"sceneLighting":false,"audioPlay":false,"sceneViewState":{"showFog":true,"showMaterialUpdate":false,"showSkybox":false,"showFlares":true,"showImageEffects":true,"showParticleSystems":true},"in2DMode":false,"pivot":{"x":-0.0002499818801879883,"y":2.4255499839782717,"z":-0.306149959564209},"rotation":{"x":0.08111662417650223,"y":-0.22669878602027894,"z":0.01895190216600895,"w":0.9703961610794067},"size":11.350810050964356,"orthographic":false}