{"cameraMode":{"drawMode":0,"name":"Shaded","section":"Shading Mode"},"sceneLighting":false,"audioPlay":false,"sceneViewState":{"showFog":true,"showMaterialUpdate":false,"showSkybox":false,"showFlares":true,"showImageEffects":true,"showParticleSystems":true},"in2DMode":false,"pivot":{"x":3.029263496398926,"y":6.865154266357422,"z":-0.024571239948272706},"rotation":{"x":0.08111662417650223,"y":-0.22669878602027894,"z":0.01895190216600895,"w":0.9703961610794067},"size":27.618139266967775,"orthographic":false}