{"cameraMode":{"drawMode":0,"name":"Shaded","section":"Shading Mode"},"sceneLighting":false,"audioPlay":false,"sceneViewState":{"showFog":true,"showMaterialUpdate":false,"showSkybox":false,"showFlares":true,"showImageEffects":true,"showParticleSystems":true},"in2DMode":false,"pivot":{"x":0.1479215919971466,"y":0.459505170583725,"z":2.0781610012054445},"rotation":{"x":0.020399082452058793,"y":-0.776348888874054,"z":0.025162074714899064,"w":0.6294706463813782},"size":14.514528274536133,"orthographic":false}