{"cameraMode":{"drawMode":0,"name":"Shaded","section":"Shading Mode"},"sceneLighting":false,"audioPlay":false,"sceneViewState":{"showFog":true,"showMaterialUpdate":false,"showSkybox":false,"showFlares":true,"showImageEffects":true,"showParticleSystems":true},"in2DMode":false,"pivot":{"x":-1.43000066280365,"y":1.0117945671081544,"z":0.40748101472854617},"rotation":{"x":-0.11071112006902695,"y":0.08100342750549317,"z":-0.00904931128025055,"w":-0.9905047416687012},"size":3.767859697341919,"orthographic":false}