{"cameraMode":{"drawMode":0,"name":"Shaded","section":"Shading Mode"},"sceneLighting":false,"audioPlay":false,"sceneViewState":{"showFog":true,"showMaterialUpdate":false,"showSkybox":false,"showFlares":true,"showImageEffects":true,"showParticleSystems":true},"in2DMode":false,"pivot":{"x":-3.5762786865234377e-7,"y":0.8327155113220215,"z":0.19998162984848023},"rotation":{"x":0.39691388607025149,"y":-0.1527905911207199,"z":0.06717348098754883,"w":0.902553141117096},"size":24.858779907226564,"orthographic":false}