{"cameraMode":{"drawMode":0,"name":"Shaded","section":"Shading Mode"},"sceneLighting":false,"audioPlay":false,"sceneViewState":{"showFog":true,"showMaterialUpdate":false,"showSkybox":false,"showFlares":true,"showImageEffects":true,"showParticleSystems":true},"in2DMode":false,"pivot":{"x":-0.09963961690664292,"y":1.0016276836395264,"z":0.03913053125143051},"rotation":{"x":-0.05906717851758003,"y":6.698377319480642e-7,"z":6.933212830517732e-7,"w":0.9982540011405945},"size":3.690070629119873,"orthographic":false}