{"cameraMode":{"drawMode":0,"name":"Shaded","section":"Shading Mode"},"sceneLighting":true,"audioPlay":false,"sceneViewState":{"showFog":true,"showMaterialUpdate":false,"showSkybox":true,"showFlares":true,"showImageEffects":true,"showParticleSystems":true},"in2DMode":false,"pivot":{"x":-27.752920150756837,"y":-20.133577346801759,"z":-30.546363830566408},"rotation":{"x":0.04939088225364685,"y":-0.9457418322563171,"z":0.1724027544260025,"w":0.27094346284866335},"size":109.77201080322266,"orthographic":false}