{"cameraMode":{"drawMode":0,"name":"Shaded","section":"Shading Mode"},"sceneLighting":false,"audioPlay":false,"sceneViewState":{"showFog":true,"showMaterialUpdate":false,"showSkybox":false,"showFlares":true,"showImageEffects":true,"showParticleSystems":true},"in2DMode":false,"pivot":{"x":-1166.6728515625,"y":770.8328247070313,"z":94.74092864990235},"rotation":{"x":0.01497955434024334,"y":0.9838408827781677,"z":-0.0995212122797966,"w":0.14808222651481629},"size":2303.683349609375,"orthographic":false}