{"cameraMode":{"drawMode":0,"name":"Shaded","section":"Shading Mode"},"sceneLighting":false,"audioPlay":false,"sceneViewState":{"showFog":true,"showMaterialUpdate":false,"showSkybox":false,"showFlares":true,"showImageEffects":true,"showParticleSystems":true},"in2DMode":false,"pivot":{"x":-155.50311279296876,"y":532.7191162109375,"z":802.779052734375},"rotation":{"x":0.09188000857830048,"y":0.8857153058052063,"z":-0.19881930947303773,"w":0.40931329131126406},"size":252.44369506835938,"orthographic":false}