{"cameraMode":{"drawMode":0,"name":"Shaded","section":"Shading Mode"},"sceneLighting":false,"audioPlay":false,"sceneViewState":{"showFog":true,"showMaterialUpdate":false,"showSkybox":false,"showFlares":true,"showImageEffects":true,"showParticleSystems":true},"in2DMode":false,"pivot":{"x":628.122802734375,"y":134.98486328125,"z":-120.047607421875},"rotation":{"x":0.005194096826016903,"y":0.9885495901107788,"z":-0.146688774228096,"w":0.03500231355428696},"size":1785.8489990234375,"orthographic":false}