{"cameraMode":{"drawMode":0,"name":"Shaded","section":"Shading Mode"},"sceneLighting":false,"audioPlay":false,"sceneViewState":{"showFog":true,"showMaterialUpdate":false,"showSkybox":false,"showFlares":true,"showImageEffects":true,"showParticleSystems":true},"in2DMode":false,"pivot":{"x":0.07068586349487305,"y":-0.16068220138549806,"z":0.3300062417984009},"rotation":{"x":-0.2610683739185333,"y":0.7196292877197266,"z":-0.3465680778026581,"w":-0.5420955419540405},"size":6.441659927368164,"orthographic":false}